,yearmon,fatalities,country_name
0,2017-01,28980,Afghanistan
1,2017-02,26556,Afghanistan
2,2017-03,38604,Afghanistan
3,2017-04,44172,Afghanistan
4,2017-05,52212,Afghanistan
5,2017-06,25812,Afghanistan
6,2017-07,50964,Afghanistan
7,2017-08,42576,Afghanistan
8,2017-09,32148,Afghanistan
9,2017-10,43236,Afghanistan
10,2017-11,22596,Afghanistan
11,2017-12,31428,Afghanistan
12,2018-01,33864,Afghanistan
13,2018-02,21948,Afghanistan
14,2018-03,27432,Afghanistan
15,2018-04,33528,Afghanistan
16,2018-05,51168,Afghanistan
17,2018-06,43644,Afghanistan
18,2018-07,65352,Afghanistan
19,2018-08,58680,Afghanistan
20,2018-09,50712,Afghanistan
21,2018-10,43044,Afghanistan
22,2018-11,47220,Afghanistan
23,2018-12,42576,Afghanistan
24,2019-01,39060,Afghanistan
25,2019-02,30012,Afghanistan
26,2019-03,37908,Afghanistan
27,2019-04,33636,Afghanistan
28,2019-05,40848,Afghanistan
29,2019-06,38820,Afghanistan
30,2019-07,52656,Afghanistan
31,2019-08,53976,Afghanistan
32,2019-09,66000,Afghanistan
33,2019-10,43116,Afghanistan
34,2019-11,27108,Afghanistan
35,2019-12,36156,Afghanistan
36,2020-01,20868,Afghanistan
37,2020-02,16956,Afghanistan
38,2020-03,19944,Afghanistan
39,2020-04,26520,Afghanistan
40,2020-05,26904,Afghanistan
41,2020-06,29940,Afghanistan
42,2020-07,44100,Afghanistan
43,2020-08,35772,Afghanistan
44,2020-09,38580,Afghanistan
45,2020-10,41484,Afghanistan
46,2020-11,39528,Afghanistan
47,2020-12,35592,Afghanistan
48,2021-01,36660,Afghanistan
49,2021-02,32928,Afghanistan
50,2021-03,28824,Afghanistan
51,2021-04,43272,Afghanistan
52,2021-05,76608,Afghanistan
53,2021-06,103008,Afghanistan
54,2021-07,105504,Afghanistan
55,2021-08,70908,Afghanistan
56,2021-09,3468,Afghanistan
57,2021-10,5052,Afghanistan
58,2021-11,3312,Afghanistan
59,2021-12,2304,Afghanistan
60,2022-01,3852,Afghanistan
61,2022-02,2892,Afghanistan
62,2022-03,2592,Afghanistan
63,2022-04,6480,Afghanistan
64,2022-05,5088,Afghanistan
65,2022-06,6408,Afghanistan
66,2022-07,4644,Afghanistan
67,2022-08,4704,Afghanistan
68,2022-09,4920,Afghanistan
69,2022-10,3564,Afghanistan
70,2022-11,1644,Afghanistan
71,2022-12,1632,Afghanistan
72,2023-01,1452,Afghanistan
73,2023-02,1008,Afghanistan
74,2023-03,1524,Afghanistan
75,2023-04,1308,Afghanistan
76,2023-05,1296,Afghanistan
77,2023-06,684,Afghanistan
78,2023-07,708,Afghanistan
79,2023-08,1428,Afghanistan
80,2023-09,1128,Afghanistan
81,2023-10,1164,Afghanistan
82,2023-11,996,Afghanistan
83,2023-12,792,Afghanistan
0,2017-01,48,Angola
1,2017-02,156,Angola
2,2017-03,0,Angola
3,2017-04,192,Angola
4,2017-05,204,Angola
5,2017-06,96,Angola
6,2017-07,36,Angola
7,2017-08,0,Angola
8,2017-09,36,Angola
9,2017-10,0,Angola
10,2017-11,0,Angola
11,2017-12,36,Angola
12,2018-01,12,Angola
13,2018-02,12,Angola
14,2018-03,0,Angola
15,2018-04,72,Angola
16,2018-05,0,Angola
17,2018-06,12,Angola
18,2018-07,12,Angola
19,2018-08,0,Angola
20,2018-09,84,Angola
21,2018-10,144,Angola
22,2018-11,0,Angola
23,2018-12,144,Angola
24,2019-01,168,Angola
25,2019-02,12,Angola
26,2019-03,12,Angola
27,2019-04,24,Angola
28,2019-05,0,Angola
29,2019-06,12,Angola
30,2019-07,12,Angola
31,2019-08,0,Angola
32,2019-09,24,Angola
33,2019-10,0,Angola
34,2019-11,0,Angola
35,2019-12,12,Angola
36,2020-01,72,Angola
37,2020-02,12,Angola
38,2020-03,12,Angola
39,2020-04,12,Angola
40,2020-05,72,Angola
41,2020-06,216,Angola
42,2020-07,240,Angola
43,2020-08,96,Angola
44,2020-09,48,Angola
45,2020-10,36,Angola
46,2020-11,24,Angola
47,2020-12,48,Angola
48,2021-01,1200,Angola
49,2021-02,60,Angola
50,2021-03,60,Angola
51,2021-04,60,Angola
52,2021-05,12,Angola
53,2021-06,0,Angola
54,2021-07,24,Angola
55,2021-08,84,Angola
56,2021-09,24,Angola
57,2021-10,144,Angola
58,2021-11,12,Angola
59,2021-12,120,Angola
60,2022-01,96,Angola
61,2022-02,48,Angola
62,2022-03,72,Angola
63,2022-04,216,Angola
64,2022-05,48,Angola
65,2022-06,48,Angola
66,2022-07,120,Angola
67,2022-08,384,Angola
68,2022-09,36,Angola
69,2022-10,24,Angola
70,2022-11,60,Angola
71,2022-12,144,Angola
72,2023-01,24,Angola
73,2023-02,132,Angola
74,2023-03,132,Angola
75,2023-04,48,Angola
76,2023-05,120,Angola
77,2023-06,156,Angola
78,2023-07,36,Angola
79,2023-08,180,Angola
80,2023-09,144,Angola
81,2023-10,36,Angola
82,2023-11,48,Angola
83,2023-12,24,Angola
0,2017-01,204,Bangladesh
1,2017-02,300,Bangladesh
2,2017-03,804,Bangladesh
3,2017-04,156,Bangladesh
4,2017-05,480,Bangladesh
5,2017-06,180,Bangladesh
6,2017-07,84,Bangladesh
7,2017-08,108,Bangladesh
8,2017-09,84,Bangladesh
9,2017-10,36,Bangladesh
10,2017-11,192,Bangladesh
11,2017-12,108,Bangladesh
12,2018-01,156,Bangladesh
13,2018-02,96,Bangladesh
14,2018-03,156,Bangladesh
15,2018-04,108,Bangladesh
16,2018-05,216,Bangladesh
17,2018-06,156,Bangladesh
18,2018-07,132,Bangladesh
19,2018-08,336,Bangladesh
20,2018-09,360,Bangladesh
21,2018-10,468,Bangladesh
22,2018-11,384,Bangladesh
23,2018-12,696,Bangladesh
24,2019-01,480,Bangladesh
25,2019-02,480,Bangladesh
26,2019-03,540,Bangladesh
27,2019-04,456,Bangladesh
28,2019-05,372,Bangladesh
29,2019-06,420,Bangladesh
30,2019-07,348,Bangladesh
31,2019-08,420,Bangladesh
32,2019-09,360,Bangladesh
33,2019-10,228,Bangladesh
34,2019-11,348,Bangladesh
35,2019-12,240,Bangladesh
36,2020-01,324,Bangladesh
37,2020-02,312,Bangladesh
38,2020-03,300,Bangladesh
39,2020-04,228,Bangladesh
40,2020-05,252,Bangladesh
41,2020-06,372,Bangladesh
42,2020-07,312,Bangladesh
43,2020-08,252,Bangladesh
44,2020-09,276,Bangladesh
45,2020-10,360,Bangladesh
46,2020-11,180,Bangladesh
47,2020-12,168,Bangladesh
48,2021-01,264,Bangladesh
49,2021-02,216,Bangladesh
50,2021-03,612,Bangladesh
51,2021-04,528,Bangladesh
52,2021-05,336,Bangladesh
53,2021-06,264,Bangladesh
54,2021-07,192,Bangladesh
55,2021-08,144,Bangladesh
56,2021-09,204,Bangladesh
57,2021-10,516,Bangladesh
58,2021-11,720,Bangladesh
59,2021-12,312,Bangladesh
60,2022-01,516,Bangladesh
61,2022-02,288,Bangladesh
62,2022-03,300,Bangladesh
63,2022-04,288,Bangladesh
64,2022-05,240,Bangladesh
65,2022-06,252,Bangladesh
66,2022-07,264,Bangladesh
67,2022-08,180,Bangladesh
68,2022-09,396,Bangladesh
69,2022-10,348,Bangladesh
70,2022-11,372,Bangladesh
71,2022-12,264,Bangladesh
72,2023-01,276,Bangladesh
73,2023-02,252,Bangladesh
74,2023-03,312,Bangladesh
75,2023-04,456,Bangladesh
76,2023-05,312,Bangladesh
77,2023-06,276,Bangladesh
78,2023-07,396,Bangladesh
79,2023-08,252,Bangladesh
80,2023-09,324,Bangladesh
81,2023-10,396,Bangladesh
82,2023-11,336,Bangladesh
83,2023-12,456,Bangladesh
0,2017-01,384,Burundi
1,2017-02,216,Burundi
2,2017-03,276,Burundi
3,2017-04,300,Burundi
4,2017-05,360,Burundi
5,2017-06,396,Burundi
6,2017-07,408,Burundi
7,2017-08,360,Burundi
8,2017-09,168,Burundi
9,2017-10,240,Burundi
10,2017-11,180,Burundi
11,2017-12,132,Burundi
12,2018-01,312,Burundi
13,2018-02,312,Burundi
14,2018-03,108,Burundi
15,2018-04,456,Burundi
16,2018-05,660,Burundi
17,2018-06,372,Burundi
18,2018-07,276,Burundi
19,2018-08,348,Burundi
20,2018-09,144,Burundi
21,2018-10,276,Burundi
22,2018-11,420,Burundi
23,2018-12,240,Burundi
24,2019-01,360,Burundi
25,2019-02,252,Burundi
26,2019-03,228,Burundi
27,2019-04,324,Burundi
28,2019-05,168,Burundi
29,2019-06,180,Burundi
30,2019-07,288,Burundi
31,2019-08,372,Burundi
32,2019-09,168,Burundi
33,2019-10,456,Burundi
34,2019-11,780,Burundi
35,2019-12,84,Burundi
36,2020-01,72,Burundi
37,2020-02,396,Burundi
38,2020-03,156,Burundi
39,2020-04,168,Burundi
40,2020-05,240,Burundi
41,2020-06,288,Burundi
42,2020-07,276,Burundi
43,2020-08,1116,Burundi
44,2020-09,552,Burundi
45,2020-10,336,Burundi
46,2020-11,192,Burundi
47,2020-12,168,Burundi
48,2021-01,336,Burundi
49,2021-02,192,Burundi
50,2021-03,108,Burundi
51,2021-04,276,Burundi
52,2021-05,492,Burundi
53,2021-06,588,Burundi
54,2021-07,180,Burundi
55,2021-08,96,Burundi
56,2021-09,432,Burundi
57,2021-10,312,Burundi
58,2021-11,276,Burundi
59,2021-12,372,Burundi
60,2022-01,216,Burundi
61,2022-02,384,Burundi
62,2022-03,120,Burundi
63,2022-04,312,Burundi
64,2022-05,168,Burundi
65,2022-06,192,Burundi
66,2022-07,216,Burundi
67,2022-08,132,Burundi
68,2022-09,276,Burundi
69,2022-10,480,Burundi
70,2022-11,252,Burundi
71,2022-12,384,Burundi
72,2023-01,228,Burundi
73,2023-02,132,Burundi
74,2023-03,132,Burundi
75,2023-04,108,Burundi
76,2023-05,156,Burundi
77,2023-06,72,Burundi
78,2023-07,204,Burundi
79,2023-08,600,Burundi
80,2023-09,60,Burundi
81,2023-10,36,Burundi
82,2023-11,84,Burundi
83,2023-12,588,Burundi
0,2017-01,288,Central_African_Republic
1,2017-02,912,Central_African_Republic
2,2017-03,2832,Central_African_Republic
3,2017-04,732,Central_African_Republic
4,2017-05,5304,Central_African_Republic
5,2017-06,2088,Central_African_Republic
6,2017-07,1692,Central_African_Republic
7,2017-08,2520,Central_African_Republic
8,2017-09,768,Central_African_Republic
9,2017-10,2292,Central_African_Republic
10,2017-11,1020,Central_African_Republic
11,2017-12,1536,Central_African_Republic
12,2018-01,2820,Central_African_Republic
13,2018-02,612,Central_African_Republic
14,2018-03,1020,Central_African_Republic
15,2018-04,1680,Central_African_Republic
16,2018-05,2400,Central_African_Republic
17,2018-06,1308,Central_African_Republic
18,2018-07,648,Central_African_Republic
19,2018-08,744,Central_African_Republic
20,2018-09,336,Central_African_Republic
21,2018-10,492,Central_African_Republic
22,2018-11,1668,Central_African_Republic
23,2018-12,324,Central_African_Republic
24,2019-01,996,Central_African_Republic
25,2019-02,336,Central_African_Republic
26,2019-03,312,Central_African_Republic
27,2019-04,1752,Central_African_Republic
28,2019-05,792,Central_African_Republic
29,2019-06,12,Central_African_Republic
30,2019-07,192,Central_African_Republic
31,2019-08,180,Central_African_Republic
32,2019-09,864,Central_African_Republic
33,2019-10,324,Central_African_Republic
34,2019-11,240,Central_African_Republic
35,2019-12,1152,Central_African_Republic
36,2020-01,648,Central_African_Republic
37,2020-02,600,Central_African_Republic
38,2020-03,924,Central_African_Republic
39,2020-04,336,Central_African_Republic
40,2020-05,324,Central_African_Republic
41,2020-06,168,Central_African_Republic
42,2020-07,564,Central_African_Republic
43,2020-08,96,Central_African_Republic
44,2020-09,12,Central_African_Republic
45,2020-10,168,Central_African_Republic
46,2020-11,312,Central_African_Republic
47,2020-12,1236,Central_African_Republic
48,2021-01,1896,Central_African_Republic
49,2021-02,636,Central_African_Republic
50,2021-03,504,Central_African_Republic
51,2021-04,1200,Central_African_Republic
52,2021-05,960,Central_African_Republic
53,2021-06,1476,Central_African_Republic
54,2021-07,1536,Central_African_Republic
55,2021-08,1632,Central_African_Republic
56,2021-09,2856,Central_African_Republic
57,2021-10,2196,Central_African_Republic
58,2021-11,4572,Central_African_Republic
59,2021-12,1104,Central_African_Republic
60,2022-01,1752,Central_African_Republic
61,2022-02,1392,Central_African_Republic
62,2022-03,1548,Central_African_Republic
63,2022-04,1068,Central_African_Republic
64,2022-05,1044,Central_African_Republic
65,2022-06,720,Central_African_Republic
66,2022-07,324,Central_African_Republic
67,2022-08,300,Central_African_Republic
68,2022-09,144,Central_African_Republic
69,2022-10,672,Central_African_Republic
70,2022-11,264,Central_African_Republic
71,2022-12,1248,Central_African_Republic
72,2023-01,408,Central_African_Republic
73,2023-02,600,Central_African_Republic
74,2023-03,540,Central_African_Republic
75,2023-04,348,Central_African_Republic
76,2023-05,768,Central_African_Republic
77,2023-06,984,Central_African_Republic
78,2023-07,240,Central_African_Republic
79,2023-08,804,Central_African_Republic
80,2023-09,276,Central_African_Republic
81,2023-10,804,Central_African_Republic
82,2023-11,336,Central_African_Republic
83,2023-12,888,Central_African_Republic
0,2017-01,1680,Congo_DRC
1,2017-02,3336,Congo_DRC
2,2017-03,6168,Congo_DRC
3,2017-04,7272,Congo_DRC
4,2017-05,2004,Congo_DRC
5,2017-06,2832,Congo_DRC
6,2017-07,6084,Congo_DRC
7,2017-08,1644,Congo_DRC
8,2017-09,1164,Congo_DRC
9,2017-10,1872,Congo_DRC
10,2017-11,720,Congo_DRC
11,2017-12,3756,Congo_DRC
12,2018-01,2532,Congo_DRC
13,2018-02,4056,Congo_DRC
14,2018-03,3372,Congo_DRC
15,2018-04,2052,Congo_DRC
16,2018-05,2904,Congo_DRC
17,2018-06,2088,Congo_DRC
18,2018-07,2340,Congo_DRC
19,2018-08,2016,Congo_DRC
20,2018-09,1968,Congo_DRC
21,2018-10,2340,Congo_DRC
22,2018-11,3564,Congo_DRC
23,2018-12,9072,Congo_DRC
24,2019-01,4008,Congo_DRC
25,2019-02,3984,Congo_DRC
26,2019-03,2184,Congo_DRC
27,2019-04,2016,Congo_DRC
28,2019-05,4008,Congo_DRC
29,2019-06,8244,Congo_DRC
30,2019-07,4452,Congo_DRC
31,2019-08,2664,Congo_DRC
32,2019-09,2124,Congo_DRC
33,2019-10,3540,Congo_DRC
34,2019-11,4728,Congo_DRC
35,2019-12,3660,Congo_DRC
36,2020-01,6396,Congo_DRC
37,2020-02,5232,Congo_DRC
38,2020-03,4860,Congo_DRC
39,2020-04,8136,Congo_DRC
40,2020-05,7524,Congo_DRC
41,2020-06,7236,Congo_DRC
42,2020-07,7248,Congo_DRC
43,2020-08,4692,Congo_DRC
44,2020-09,5196,Congo_DRC
45,2020-10,6696,Congo_DRC
46,2020-11,4512,Congo_DRC
47,2020-12,4980,Congo_DRC
48,2021-01,6624,Congo_DRC
49,2021-02,5400,Congo_DRC
50,2021-03,5772,Congo_DRC
51,2021-04,6168,Congo_DRC
52,2021-05,4752,Congo_DRC
53,2021-06,5424,Congo_DRC
54,2021-07,4980,Congo_DRC
55,2021-08,5556,Congo_DRC
56,2021-09,4716,Congo_DRC
57,2021-10,6096,Congo_DRC
58,2021-11,10032,Congo_DRC
59,2021-12,9024,Congo_DRC
60,2022-01,10668,Congo_DRC
61,2022-02,8472,Congo_DRC
62,2022-03,8652,Congo_DRC
63,2022-04,5388,Congo_DRC
64,2022-05,5172,Congo_DRC
65,2022-06,4560,Congo_DRC
66,2022-07,5112,Congo_DRC
67,2022-08,5580,Congo_DRC
68,2022-09,5496,Congo_DRC
69,2022-10,4020,Congo_DRC
70,2022-11,7620,Congo_DRC
71,2022-12,4896,Congo_DRC
72,2023-01,4380,Congo_DRC
73,2023-02,2796,Congo_DRC
74,2023-03,5232,Congo_DRC
75,2023-04,6132,Congo_DRC
76,2023-05,4152,Congo_DRC
77,2023-06,4092,Congo_DRC
78,2023-07,2964,Congo_DRC
79,2023-08,5448,Congo_DRC
80,2023-09,3060,Congo_DRC
81,2023-10,3936,Congo_DRC
82,2023-11,3300,Congo_DRC
83,2023-12,2928,Congo_DRC
0,2017-01,0,Djibouti
1,2017-03,0,Djibouti
2,2017-06,0,Djibouti
3,2017-10,0,Djibouti
4,2018-05,0,Djibouti
5,2018-08,0,Djibouti
6,2018-12,0,Djibouti
7,2019-04,0,Djibouti
8,2019-05,0,Djibouti
9,2019-06,36,Djibouti
10,2019-08,0,Djibouti
11,2019-09,12,Djibouti
12,2019-10,0,Djibouti
13,2019-11,0,Djibouti
14,2019-12,0,Djibouti
15,2020-03,0,Djibouti
16,2020-04,0,Djibouti
17,2020-05,0,Djibouti
18,2020-06,0,Djibouti
19,2020-07,0,Djibouti
20,2020-08,0,Djibouti
21,2020-10,0,Djibouti
22,2020-11,0,Djibouti
23,2021-01,24,Djibouti
24,2021-02,0,Djibouti
25,2021-03,0,Djibouti
26,2021-04,0,Djibouti
27,2021-07,0,Djibouti
28,2021-08,36,Djibouti
29,2021-11,0,Djibouti
30,2022-01,0,Djibouti
31,2022-03,0,Djibouti
32,2022-05,0,Djibouti
33,2022-06,0,Djibouti
34,2022-10,84,Djibouti
35,2022-12,0,Djibouti
36,2023-02,0,Djibouti
37,2023-03,36,Djibouti
38,2023-04,0,Djibouti
39,2023-05,48,Djibouti
40,2023-07,0,Djibouti
41,2023-09,0,Djibouti
42,2023-12,120,Djibouti
0,2018-01,36,Dominican_Republic
1,2018-02,36,Dominican_Republic
2,2018-03,36,Dominican_Republic
3,2018-04,24,Dominican_Republic
4,2018-05,0,Dominican_Republic
5,2018-06,12,Dominican_Republic
6,2018-07,0,Dominican_Republic
7,2018-08,24,Dominican_Republic
8,2018-09,0,Dominican_Republic
9,2018-10,84,Dominican_Republic
10,2018-11,0,Dominican_Republic
11,2018-12,0,Dominican_Republic
12,2019-01,0,Dominican_Republic
13,2019-02,48,Dominican_Republic
14,2019-03,0,Dominican_Republic
15,2019-04,12,Dominican_Republic
16,2019-05,24,Dominican_Republic
17,2019-06,24,Dominican_Republic
18,2019-07,12,Dominican_Republic
19,2019-08,12,Dominican_Republic
20,2019-09,12,Dominican_Republic
21,2019-10,0,Dominican_Republic
22,2019-11,24,Dominican_Republic
23,2019-12,24,Dominican_Republic
24,2020-01,24,Dominican_Republic
25,2020-02,24,Dominican_Republic
26,2020-03,24,Dominican_Republic
27,2020-04,0,Dominican_Republic
28,2020-05,0,Dominican_Republic
29,2020-06,24,Dominican_Republic
30,2020-07,12,Dominican_Republic
31,2020-08,0,Dominican_Republic
32,2020-09,12,Dominican_Republic
33,2020-10,0,Dominican_Republic
34,2020-11,0,Dominican_Republic
35,2020-12,0,Dominican_Republic
36,2021-01,0,Dominican_Republic
37,2021-02,0,Dominican_Republic
38,2021-03,24,Dominican_Republic
39,2021-04,0,Dominican_Republic
40,2021-05,0,Dominican_Republic
41,2021-06,0,Dominican_Republic
42,2021-07,0,Dominican_Republic
43,2021-08,0,Dominican_Republic
44,2021-09,12,Dominican_Republic
45,2021-10,0,Dominican_Republic
46,2021-11,0,Dominican_Republic
47,2021-12,0,Dominican_Republic
48,2022-01,36,Dominican_Republic
49,2022-02,12,Dominican_Republic
50,2022-03,12,Dominican_Republic
51,2022-04,12,Dominican_Republic
52,2022-05,0,Dominican_Republic
53,2022-06,36,Dominican_Republic
54,2022-07,12,Dominican_Republic
55,2022-08,36,Dominican_Republic
56,2022-09,24,Dominican_Republic
57,2022-10,24,Dominican_Republic
58,2022-11,24,Dominican_Republic
59,2022-12,36,Dominican_Republic
60,2023-01,0,Dominican_Republic
61,2023-02,36,Dominican_Republic
62,2023-03,24,Dominican_Republic
63,2023-04,0,Dominican_Republic
64,2023-05,0,Dominican_Republic
65,2023-06,12,Dominican_Republic
66,2023-07,0,Dominican_Republic
67,2023-08,24,Dominican_Republic
68,2023-09,0,Dominican_Republic
69,2023-10,24,Dominican_Republic
70,2023-11,12,Dominican_Republic
71,2023-12,12,Dominican_Republic
0,2018-01,1344,El_Salvador
1,2018-02,1056,El_Salvador
2,2018-03,1236,El_Salvador
3,2018-04,1008,El_Salvador
4,2018-05,600,El_Salvador
5,2018-06,864,El_Salvador
6,2018-07,732,El_Salvador
7,2018-08,816,El_Salvador
8,2018-09,600,El_Salvador
9,2018-10,1140,El_Salvador
10,2018-11,1212,El_Salvador
11,2018-12,912,El_Salvador
12,2019-01,1584,El_Salvador
13,2019-02,792,El_Salvador
14,2019-03,744,El_Salvador
15,2019-04,960,El_Salvador
16,2019-05,948,El_Salvador
17,2019-06,1248,El_Salvador
18,2019-07,792,El_Salvador
19,2019-08,804,El_Salvador
20,2019-09,912,El_Salvador
21,2019-10,636,El_Salvador
22,2019-11,696,El_Salvador
23,2019-12,576,El_Salvador
24,2020-01,516,El_Salvador
25,2020-02,336,El_Salvador
26,2020-03,156,El_Salvador
27,2020-04,1020,El_Salvador
28,2020-05,216,El_Salvador
29,2020-06,216,El_Salvador
30,2020-07,348,El_Salvador
31,2020-08,372,El_Salvador
32,2020-09,336,El_Salvador
33,2020-10,468,El_Salvador
34,2020-11,276,El_Salvador
35,2020-12,336,El_Salvador
36,2021-01,516,El_Salvador
37,2021-02,696,El_Salvador
38,2021-03,396,El_Salvador
39,2021-04,384,El_Salvador
40,2021-05,576,El_Salvador
41,2021-06,288,El_Salvador
42,2021-07,420,El_Salvador
43,2021-08,228,El_Salvador
44,2021-09,252,El_Salvador
45,2021-10,312,El_Salvador
46,2021-11,636,El_Salvador
47,2021-12,396,El_Salvador
48,2022-01,300,El_Salvador
49,2022-02,348,El_Salvador
50,2022-03,1128,El_Salvador
51,2022-04,240,El_Salvador
52,2022-05,240,El_Salvador
53,2022-06,288,El_Salvador
54,2022-07,120,El_Salvador
55,2022-08,192,El_Salvador
56,2022-09,144,El_Salvador
57,2022-10,108,El_Salvador
58,2022-11,132,El_Salvador
59,2022-12,84,El_Salvador
60,2023-01,48,El_Salvador
61,2023-02,60,El_Salvador
62,2023-03,72,El_Salvador
63,2023-04,24,El_Salvador
64,2023-05,72,El_Salvador
65,2023-06,84,El_Salvador
66,2023-07,60,El_Salvador
67,2023-08,96,El_Salvador
68,2023-09,72,El_Salvador
69,2023-10,24,El_Salvador
70,2023-11,60,El_Salvador
71,2023-12,12,El_Salvador
0,2017-06,0,Eswatini
1,2017-09,0,Eswatini
2,2018-01,0,Eswatini
3,2018-03,0,Eswatini
4,2018-04,0,Eswatini
5,2018-06,0,Eswatini
6,2018-08,0,Eswatini
7,2018-09,0,Eswatini
8,2019-02,0,Eswatini
9,2019-05,0,Eswatini
10,2019-06,0,Eswatini
11,2019-07,0,Eswatini
12,2019-08,0,Eswatini
13,2019-09,0,Eswatini
14,2019-10,12,Eswatini
15,2019-11,0,Eswatini
16,2019-12,24,Eswatini
17,2020-02,0,Eswatini
18,2020-03,0,Eswatini
19,2020-04,0,Eswatini
20,2020-05,0,Eswatini
21,2020-06,0,Eswatini
22,2020-07,0,Eswatini
23,2020-08,12,Eswatini
24,2020-09,24,Eswatini
25,2020-10,0,Eswatini
26,2020-11,0,Eswatini
27,2020-12,36,Eswatini
28,2021-01,24,Eswatini
29,2021-02,0,Eswatini
30,2021-03,0,Eswatini
31,2021-04,0,Eswatini
32,2021-05,0,Eswatini
33,2021-06,216,Eswatini
34,2021-07,36,Eswatini
35,2021-08,168,Eswatini
36,2021-09,0,Eswatini
37,2021-10,84,Eswatini
38,2021-11,0,Eswatini
39,2021-12,24,Eswatini
40,2022-01,0,Eswatini
41,2022-02,72,Eswatini
42,2022-03,0,Eswatini
43,2022-04,0,Eswatini
44,2022-05,0,Eswatini
45,2022-06,24,Eswatini
46,2022-07,84,Eswatini
47,2022-08,72,Eswatini
48,2022-09,0,Eswatini
49,2022-10,12,Eswatini
50,2022-11,108,Eswatini
51,2022-12,24,Eswatini
52,2023-01,144,Eswatini
53,2023-02,48,Eswatini
54,2023-03,24,Eswatini
55,2023-04,24,Eswatini
56,2023-05,24,Eswatini
57,2023-06,12,Eswatini
58,2023-07,12,Eswatini
59,2023-08,0,Eswatini
60,2023-09,36,Eswatini
61,2023-10,36,Eswatini
62,2023-11,24,Eswatini
0,2017-01,1932,Ethiopia
1,2017-02,1476,Ethiopia
2,2017-03,1404,Ethiopia
3,2017-04,588,Ethiopia
4,2017-05,720,Ethiopia
5,2017-06,300,Ethiopia
6,2017-07,612,Ethiopia
7,2017-08,564,Ethiopia
8,2017-09,3408,Ethiopia
9,2017-10,1356,Ethiopia
10,2017-11,2052,Ethiopia
11,2017-12,1848,Ethiopia
12,2018-01,1608,Ethiopia
13,2018-02,564,Ethiopia
14,2018-03,1368,Ethiopia
15,2018-04,1080,Ethiopia
16,2018-05,900,Ethiopia
17,2018-06,3240,Ethiopia
18,2018-07,1584,Ethiopia
19,2018-08,2040,Ethiopia
20,2018-09,1836,Ethiopia
21,2018-10,1536,Ethiopia
22,2018-11,744,Ethiopia
23,2018-12,2448,Ethiopia
24,2019-01,984,Ethiopia
25,2019-02,228,Ethiopia
26,2019-03,216,Ethiopia
27,2019-04,564,Ethiopia
28,2019-05,1176,Ethiopia
29,2019-06,840,Ethiopia
30,2019-07,804,Ethiopia
31,2019-08,324,Ethiopia
32,2019-09,696,Ethiopia
33,2019-10,1776,Ethiopia
34,2019-11,216,Ethiopia
35,2019-12,216,Ethiopia
36,2020-01,456,Ethiopia
37,2020-02,480,Ethiopia
38,2020-03,480,Ethiopia
39,2020-04,192,Ethiopia
40,2020-05,876,Ethiopia
41,2020-06,684,Ethiopia
42,2020-07,2160,Ethiopia
43,2020-08,1140,Ethiopia
44,2020-09,648,Ethiopia
45,2020-10,1368,Ethiopia
46,2020-11,31812,Ethiopia
47,2020-12,12180,Ethiopia
48,2021-01,5916,Ethiopia
49,2021-02,4872,Ethiopia
50,2021-03,6444,Ethiopia
51,2021-04,7248,Ethiopia
52,2021-05,5508,Ethiopia
53,2021-06,7236,Ethiopia
54,2021-07,9312,Ethiopia
55,2021-08,22344,Ethiopia
56,2021-09,11724,Ethiopia
57,2021-10,4572,Ethiopia
58,2021-11,11196,Ethiopia
59,2021-12,13452,Ethiopia
60,2022-01,4920,Ethiopia
61,2022-02,3912,Ethiopia
62,2022-03,4164,Ethiopia
63,2022-04,4824,Ethiopia
64,2022-05,5460,Ethiopia
65,2022-06,13572,Ethiopia
66,2022-07,13356,Ethiopia
67,2022-08,6876,Ethiopia
68,2022-09,9192,Ethiopia
69,2022-10,7020,Ethiopia
70,2022-11,6096,Ethiopia
71,2022-12,3660,Ethiopia
72,2023-01,2748,Ethiopia
73,2023-02,2376,Ethiopia
74,2023-03,1140,Ethiopia
75,2023-04,984,Ethiopia
76,2023-05,3228,Ethiopia
77,2023-06,2868,Ethiopia
78,2023-07,4032,Ethiopia
79,2023-08,6660,Ethiopia
80,2023-09,5988,Ethiopia
81,2023-10,7296,Ethiopia
82,2023-11,6108,Ethiopia
83,2023-12,4728,Ethiopia
0,2018-01,996,Guatemala
1,2018-02,744,Guatemala
2,2018-03,696,Guatemala
3,2018-04,864,Guatemala
4,2018-05,876,Guatemala
5,2018-06,732,Guatemala
6,2018-07,984,Guatemala
7,2018-08,1080,Guatemala
8,2018-09,960,Guatemala
9,2018-10,552,Guatemala
10,2018-11,468,Guatemala
11,2018-12,636,Guatemala
12,2019-01,1032,Guatemala
13,2019-02,780,Guatemala
14,2019-03,1092,Guatemala
15,2019-04,1104,Guatemala
16,2019-05,1440,Guatemala
17,2019-06,1320,Guatemala
18,2019-07,1692,Guatemala
19,2019-08,1284,Guatemala
20,2019-09,1020,Guatemala
21,2019-10,960,Guatemala
22,2019-11,864,Guatemala
23,2019-12,768,Guatemala
24,2020-01,912,Guatemala
25,2020-02,528,Guatemala
26,2020-03,420,Guatemala
27,2020-04,432,Guatemala
28,2020-05,504,Guatemala
29,2020-06,552,Guatemala
30,2020-07,672,Guatemala
31,2020-08,516,Guatemala
32,2020-09,516,Guatemala
33,2020-10,744,Guatemala
34,2020-11,648,Guatemala
35,2020-12,432,Guatemala
36,2021-01,696,Guatemala
37,2021-02,600,Guatemala
38,2021-03,696,Guatemala
39,2021-04,672,Guatemala
40,2021-05,732,Guatemala
41,2021-06,672,Guatemala
42,2021-07,660,Guatemala
43,2021-08,780,Guatemala
44,2021-09,660,Guatemala
45,2021-10,636,Guatemala
46,2021-11,432,Guatemala
47,2021-12,696,Guatemala
48,2022-01,828,Guatemala
49,2022-02,672,Guatemala
50,2022-03,828,Guatemala
51,2022-04,504,Guatemala
52,2022-05,660,Guatemala
53,2022-06,768,Guatemala
54,2022-07,1056,Guatemala
55,2022-08,804,Guatemala
56,2022-09,780,Guatemala
57,2022-10,852,Guatemala
58,2022-11,600,Guatemala
59,2022-12,564,Guatemala
60,2023-01,672,Guatemala
61,2023-02,516,Guatemala
62,2023-03,648,Guatemala
63,2023-04,684,Guatemala
64,2023-05,1092,Guatemala
65,2023-06,1176,Guatemala
66,2023-07,948,Guatemala
67,2023-08,1440,Guatemala
68,2023-09,1224,Guatemala
69,2023-10,1356,Guatemala
70,2023-11,168,Guatemala
71,2023-12,276,Guatemala
0,2018-01,0,Haiti
1,2018-02,36,Haiti
2,2018-03,36,Haiti
3,2018-04,192,Haiti
4,2018-05,192,Haiti
5,2018-06,24,Haiti
6,2018-07,372,Haiti
7,2018-08,84,Haiti
8,2018-09,216,Haiti
9,2018-10,336,Haiti
10,2018-11,1332,Haiti
11,2018-12,264,Haiti
12,2019-01,252,Haiti
13,2019-02,444,Haiti
14,2019-03,228,Haiti
15,2019-04,756,Haiti
16,2019-05,228,Haiti
17,2019-06,372,Haiti
18,2019-07,528,Haiti
19,2019-08,336,Haiti
20,2019-09,408,Haiti
21,2019-10,564,Haiti
22,2019-11,804,Haiti
23,2019-12,252,Haiti
24,2020-01,432,Haiti
25,2020-02,240,Haiti
26,2020-03,492,Haiti
27,2020-04,492,Haiti
28,2020-05,840,Haiti
29,2020-06,456,Haiti
30,2020-07,1284,Haiti
31,2020-08,828,Haiti
32,2020-09,360,Haiti
33,2020-10,732,Haiti
34,2020-11,624,Haiti
35,2020-12,204,Haiti
36,2021-01,372,Haiti
37,2021-02,744,Haiti
38,2021-03,708,Haiti
39,2021-04,768,Haiti
40,2021-05,1224,Haiti
41,2021-06,2376,Haiti
42,2021-07,468,Haiti
43,2021-08,432,Haiti
44,2021-09,516,Haiti
45,2021-10,492,Haiti
46,2021-11,444,Haiti
47,2021-12,624,Haiti
48,2022-01,912,Haiti
49,2022-02,528,Haiti
50,2022-03,408,Haiti
51,2022-04,2364,Haiti
52,2022-05,1464,Haiti
53,2022-06,408,Haiti
54,2022-07,4668,Haiti
55,2022-08,864,Haiti
56,2022-09,792,Haiti
57,2022-10,2460,Haiti
58,2022-11,1944,Haiti
59,2022-12,624,Haiti
60,2023-01,840,Haiti
61,2023-02,1632,Haiti
62,2023-03,2604,Haiti
63,2023-04,6912,Haiti
64,2023-05,3264,Haiti
65,2023-06,672,Haiti
66,2023-07,1080,Haiti
67,2023-08,2544,Haiti
68,2023-09,1416,Haiti
69,2023-10,912,Haiti
70,2023-11,3576,Haiti
71,2023-12,960,Haiti
0,2018-01,708,Honduras
1,2018-02,912,Honduras
2,2018-03,816,Honduras
3,2018-04,660,Honduras
4,2018-05,624,Honduras
5,2018-06,828,Honduras
6,2018-07,1176,Honduras
7,2018-08,780,Honduras
8,2018-09,648,Honduras
9,2018-10,708,Honduras
10,2018-11,924,Honduras
11,2018-12,732,Honduras
12,2019-01,444,Honduras
13,2019-02,504,Honduras
14,2019-03,408,Honduras
15,2019-04,1032,Honduras
16,2019-05,996,Honduras
17,2019-06,1536,Honduras
18,2019-07,792,Honduras
19,2019-08,1464,Honduras
20,2019-09,864,Honduras
21,2019-10,1128,Honduras
22,2019-11,1500,Honduras
23,2019-12,1548,Honduras
24,2020-01,1116,Honduras
25,2020-02,816,Honduras
26,2020-03,672,Honduras
27,2020-04,588,Honduras
28,2020-05,660,Honduras
29,2020-06,684,Honduras
30,2020-07,960,Honduras
31,2020-08,600,Honduras
32,2020-09,636,Honduras
33,2020-10,696,Honduras
34,2020-11,600,Honduras
35,2020-12,672,Honduras
36,2021-01,720,Honduras
37,2021-02,780,Honduras
38,2021-03,588,Honduras
39,2021-04,600,Honduras
40,2021-05,972,Honduras
41,2021-06,924,Honduras
42,2021-07,792,Honduras
43,2021-08,480,Honduras
44,2021-09,780,Honduras
45,2021-10,600,Honduras
46,2021-11,660,Honduras
47,2021-12,600,Honduras
48,2022-01,900,Honduras
49,2022-02,492,Honduras
50,2022-03,780,Honduras
51,2022-04,564,Honduras
52,2022-05,636,Honduras
53,2022-06,660,Honduras
54,2022-07,864,Honduras
55,2022-08,660,Honduras
56,2022-09,624,Honduras
57,2022-10,708,Honduras
58,2022-11,732,Honduras
59,2022-12,708,Honduras
60,2023-01,564,Honduras
61,2023-02,756,Honduras
62,2023-03,744,Honduras
63,2023-04,504,Honduras
64,2023-05,840,Honduras
65,2023-06,1776,Honduras
66,2023-07,492,Honduras
67,2023-08,348,Honduras
68,2023-09,528,Honduras
69,2023-10,468,Honduras
70,2023-11,408,Honduras
71,2023-12,336,Honduras
0,2017-01,192,Kenya
1,2017-02,456,Kenya
2,2017-03,828,Kenya
3,2017-04,684,Kenya
4,2017-05,1056,Kenya
5,2017-06,804,Kenya
6,2017-07,1092,Kenya
7,2017-08,1332,Kenya
8,2017-09,420,Kenya
9,2017-10,720,Kenya
10,2017-11,1056,Kenya
11,2017-12,240,Kenya
12,2018-01,600,Kenya
13,2018-02,576,Kenya
14,2018-03,312,Kenya
15,2018-04,264,Kenya
16,2018-05,372,Kenya
17,2018-06,252,Kenya
18,2018-07,228,Kenya
19,2018-08,336,Kenya
20,2018-09,1284,Kenya
21,2018-10,516,Kenya
22,2018-11,456,Kenya
23,2018-12,300,Kenya
24,2019-01,456,Kenya
25,2019-02,264,Kenya
26,2019-03,204,Kenya
27,2019-04,252,Kenya
28,2019-05,324,Kenya
29,2019-06,312,Kenya
30,2019-07,132,Kenya
31,2019-08,192,Kenya
32,2019-09,492,Kenya
33,2019-10,396,Kenya
34,2019-11,324,Kenya
35,2019-12,600,Kenya
36,2020-01,420,Kenya
37,2020-02,312,Kenya
38,2020-03,528,Kenya
39,2020-04,396,Kenya
40,2020-05,468,Kenya
41,2020-06,396,Kenya
42,2020-07,288,Kenya
43,2020-08,168,Kenya
44,2020-09,516,Kenya
45,2020-10,168,Kenya
46,2020-11,360,Kenya
47,2020-12,240,Kenya
48,2021-01,612,Kenya
49,2021-02,36,Kenya
50,2021-03,156,Kenya
51,2021-04,156,Kenya
52,2021-05,456,Kenya
53,2021-06,792,Kenya
54,2021-07,828,Kenya
55,2021-08,276,Kenya
56,2021-09,540,Kenya
57,2021-10,756,Kenya
58,2021-11,732,Kenya
59,2021-12,672,Kenya
60,2022-01,1248,Kenya
61,2022-02,1080,Kenya
62,2022-03,1104,Kenya
63,2022-04,480,Kenya
64,2022-05,372,Kenya
65,2022-06,576,Kenya
66,2022-07,528,Kenya
67,2022-08,540,Kenya
68,2022-09,564,Kenya
69,2022-10,492,Kenya
70,2022-11,684,Kenya
71,2022-12,744,Kenya
72,2023-01,1152,Kenya
73,2023-02,1356,Kenya
74,2023-03,1020,Kenya
75,2023-04,648,Kenya
76,2023-05,876,Kenya
77,2023-06,1080,Kenya
78,2023-07,1308,Kenya
79,2023-08,1416,Kenya
80,2023-09,1284,Kenya
81,2023-10,636,Kenya
82,2023-11,696,Kenya
83,2023-12,708,Kenya
0,2017-01,180,Lebanon
1,2017-02,120,Lebanon
2,2017-03,192,Lebanon
3,2017-04,480,Lebanon
4,2017-05,492,Lebanon
5,2017-06,240,Lebanon
6,2017-07,2208,Lebanon
7,2017-08,684,Lebanon
8,2017-09,24,Lebanon
9,2017-10,24,Lebanon
10,2017-11,24,Lebanon
11,2017-12,0,Lebanon
12,2018-01,0,Lebanon
13,2018-02,48,Lebanon
14,2018-03,84,Lebanon
15,2018-04,72,Lebanon
16,2018-05,48,Lebanon
17,2018-06,24,Lebanon
18,2018-07,12,Lebanon
19,2018-08,12,Lebanon
20,2018-09,12,Lebanon
21,2018-10,36,Lebanon
22,2018-11,48,Lebanon
23,2018-12,36,Lebanon
24,2019-01,0,Lebanon
25,2019-02,0,Lebanon
26,2019-03,24,Lebanon
27,2019-04,36,Lebanon
28,2019-05,12,Lebanon
29,2019-06,120,Lebanon
30,2019-07,0,Lebanon
31,2019-08,48,Lebanon
32,2019-09,12,Lebanon
33,2019-10,24,Lebanon
34,2019-11,24,Lebanon
35,2019-12,0,Lebanon
36,2020-01,0,Lebanon
37,2020-02,0,Lebanon
38,2020-03,12,Lebanon
39,2020-04,24,Lebanon
40,2020-05,60,Lebanon
41,2020-06,0,Lebanon
42,2020-07,48,Lebanon
43,2020-08,96,Lebanon
44,2020-09,216,Lebanon
45,2020-10,24,Lebanon
46,2020-11,24,Lebanon
47,2020-12,72,Lebanon
48,2021-01,48,Lebanon
49,2021-02,36,Lebanon
50,2021-03,0,Lebanon
51,2021-04,48,Lebanon
52,2021-05,24,Lebanon
53,2021-06,24,Lebanon
54,2021-07,12,Lebanon
55,2021-08,456,Lebanon
56,2021-09,48,Lebanon
57,2021-10,132,Lebanon
58,2021-11,0,Lebanon
59,2021-12,60,Lebanon
60,2022-01,0,Lebanon
61,2022-02,12,Lebanon
62,2022-03,0,Lebanon
63,2022-04,168,Lebanon
64,2022-05,48,Lebanon
65,2022-06,60,Lebanon
66,2022-07,48,Lebanon
67,2022-08,24,Lebanon
68,2022-09,180,Lebanon
69,2022-10,36,Lebanon
70,2022-11,24,Lebanon
71,2022-12,36,Lebanon
72,2023-01,84,Lebanon
73,2023-02,36,Lebanon
74,2023-03,24,Lebanon
75,2023-04,96,Lebanon
76,2023-05,84,Lebanon
77,2023-06,12,Lebanon
78,2023-07,216,Lebanon
79,2023-08,132,Lebanon
80,2023-09,228,Lebanon
81,2023-10,756,Lebanon
82,2023-11,672,Lebanon
83,2023-12,624,Lebanon
0,2017-02,0,Lesotho
1,2017-06,12,Lesotho
2,2017-09,36,Lesotho
3,2018-08,0,Lesotho
4,2018-11,0,Lesotho
5,2019-02,24,Lesotho
6,2019-04,0,Lesotho
7,2019-06,24,Lesotho
8,2019-07,0,Lesotho
9,2019-09,0,Lesotho
10,2019-10,12,Lesotho
11,2020-01,12,Lesotho
12,2020-02,0,Lesotho
13,2020-03,36,Lesotho
14,2020-04,0,Lesotho
15,2020-06,0,Lesotho
16,2020-07,0,Lesotho
17,2020-08,12,Lesotho
18,2020-09,12,Lesotho
19,2020-11,0,Lesotho
20,2021-02,0,Lesotho
21,2021-03,0,Lesotho
22,2021-04,12,Lesotho
23,2021-05,12,Lesotho
24,2021-06,24,Lesotho
25,2021-07,0,Lesotho
26,2021-08,12,Lesotho
27,2021-09,24,Lesotho
28,2021-10,12,Lesotho
29,2021-11,0,Lesotho
30,2021-12,12,Lesotho
31,2022-01,0,Lesotho
32,2022-02,24,Lesotho
33,2022-03,12,Lesotho
34,2022-04,24,Lesotho
35,2022-05,0,Lesotho
36,2022-06,72,Lesotho
37,2022-07,0,Lesotho
38,2022-08,0,Lesotho
39,2022-09,36,Lesotho
40,2022-10,0,Lesotho
41,2022-11,0,Lesotho
42,2022-12,0,Lesotho
43,2023-01,36,Lesotho
44,2023-03,0,Lesotho
45,2023-05,36,Lesotho
46,2023-07,12,Lesotho
47,2023-09,0,Lesotho
48,2023-10,24,Lesotho
49,2023-12,36,Lesotho
0,2017-01,240,Madagascar
1,2017-02,336,Madagascar
2,2017-03,108,Madagascar
3,2017-04,48,Madagascar
4,2017-05,216,Madagascar
5,2017-06,72,Madagascar
6,2017-07,240,Madagascar
7,2017-08,144,Madagascar
8,2017-09,324,Madagascar
9,2017-10,156,Madagascar
10,2017-11,480,Madagascar
11,2017-12,156,Madagascar
12,2018-01,228,Madagascar
13,2018-02,180,Madagascar
14,2018-03,72,Madagascar
15,2018-04,60,Madagascar
16,2018-05,288,Madagascar
17,2018-06,96,Madagascar
18,2018-07,60,Madagascar
19,2018-08,204,Madagascar
20,2018-09,24,Madagascar
21,2018-10,96,Madagascar
22,2018-11,72,Madagascar
23,2018-12,324,Madagascar
24,2019-01,660,Madagascar
25,2019-02,216,Madagascar
26,2019-03,384,Madagascar
27,2019-04,204,Madagascar
28,2019-05,252,Madagascar
29,2019-06,216,Madagascar
30,2019-07,228,Madagascar
31,2019-08,240,Madagascar
32,2019-09,336,Madagascar
33,2019-10,900,Madagascar
34,2019-11,300,Madagascar
35,2019-12,276,Madagascar
36,2020-01,888,Madagascar
37,2020-02,348,Madagascar
38,2020-03,120,Madagascar
39,2020-04,180,Madagascar
40,2020-05,156,Madagascar
41,2020-06,480,Madagascar
42,2020-07,228,Madagascar
43,2020-08,768,Madagascar
44,2020-09,348,Madagascar
45,2020-10,252,Madagascar
46,2020-11,192,Madagascar
47,2020-12,336,Madagascar
48,2021-01,72,Madagascar
49,2021-02,300,Madagascar
50,2021-03,216,Madagascar
51,2021-04,264,Madagascar
52,2021-05,420,Madagascar
53,2021-06,492,Madagascar
54,2021-07,216,Madagascar
55,2021-08,132,Madagascar
56,2021-09,828,Madagascar
57,2021-10,84,Madagascar
58,2021-11,360,Madagascar
59,2021-12,252,Madagascar
60,2022-01,144,Madagascar
61,2022-02,84,Madagascar
62,2022-03,132,Madagascar
63,2022-04,192,Madagascar
64,2022-05,276,Madagascar
65,2022-06,36,Madagascar
66,2022-07,480,Madagascar
67,2022-08,1008,Madagascar
68,2022-09,432,Madagascar
69,2022-10,492,Madagascar
70,2022-11,336,Madagascar
71,2022-12,480,Madagascar
72,2023-01,180,Madagascar
73,2023-02,444,Madagascar
74,2023-03,588,Madagascar
75,2023-04,564,Madagascar
76,2023-05,480,Madagascar
77,2023-06,372,Madagascar
78,2023-07,420,Madagascar
79,2023-08,456,Madagascar
80,2023-09,720,Madagascar
81,2023-10,576,Madagascar
82,2023-11,816,Madagascar
83,2023-12,564,Madagascar
0,2017-01,0,Malawi
1,2017-02,12,Malawi
2,2017-03,24,Malawi
3,2017-04,36,Malawi
4,2017-05,36,Malawi
5,2017-06,12,Malawi
6,2017-07,24,Malawi
7,2017-09,36,Malawi
8,2017-10,24,Malawi
9,2017-11,12,Malawi
10,2017-12,12,Malawi
11,2018-01,24,Malawi
12,2018-03,0,Malawi
13,2018-04,48,Malawi
14,2018-05,0,Malawi
15,2018-06,12,Malawi
16,2018-07,12,Malawi
17,2018-08,0,Malawi
18,2018-09,0,Malawi
19,2018-10,24,Malawi
20,2018-11,48,Malawi
21,2018-12,24,Malawi
22,2019-01,0,Malawi
23,2019-02,12,Malawi
24,2019-03,0,Malawi
25,2019-04,12,Malawi
26,2019-05,0,Malawi
27,2019-06,0,Malawi
28,2019-07,12,Malawi
29,2019-08,0,Malawi
30,2019-09,0,Malawi
31,2019-10,120,Malawi
32,2019-11,48,Malawi
33,2019-12,120,Malawi
34,2020-01,12,Malawi
35,2020-02,12,Malawi
36,2020-03,96,Malawi
37,2020-04,60,Malawi
38,2020-05,48,Malawi
39,2020-06,12,Malawi
40,2020-07,48,Malawi
41,2020-08,96,Malawi
42,2020-09,120,Malawi
43,2020-10,84,Malawi
44,2020-11,96,Malawi
45,2020-12,24,Malawi
46,2021-01,96,Malawi
47,2021-02,24,Malawi
48,2021-03,48,Malawi
49,2021-04,24,Malawi
50,2021-05,48,Malawi
51,2021-06,0,Malawi
52,2021-07,24,Malawi
53,2021-08,48,Malawi
54,2021-09,60,Malawi
55,2021-10,72,Malawi
56,2021-11,60,Malawi
57,2021-12,24,Malawi
58,2022-01,48,Malawi
59,2022-02,48,Malawi
60,2022-03,36,Malawi
61,2022-04,72,Malawi
62,2022-05,60,Malawi
63,2022-06,48,Malawi
64,2022-07,60,Malawi
65,2022-08,24,Malawi
66,2022-09,12,Malawi
67,2022-10,24,Malawi
68,2022-11,48,Malawi
69,2022-12,0,Malawi
70,2023-01,120,Malawi
71,2023-02,60,Malawi
72,2023-03,12,Malawi
73,2023-04,36,Malawi
74,2023-05,48,Malawi
75,2023-06,36,Malawi
76,2023-07,72,Malawi
77,2023-08,48,Malawi
78,2023-09,12,Malawi
79,2023-10,48,Malawi
80,2023-11,24,Malawi
81,2023-12,120,Malawi
0,2017-01,120,Mozambique
1,2017-02,96,Mozambique
2,2017-03,96,Mozambique
3,2017-04,72,Mozambique
4,2017-05,96,Mozambique
5,2017-06,120,Mozambique
6,2017-07,84,Mozambique
7,2017-08,72,Mozambique
8,2017-09,48,Mozambique
9,2017-10,528,Mozambique
10,2017-11,156,Mozambique
11,2017-12,60,Mozambique
12,2018-01,120,Mozambique
13,2018-02,0,Mozambique
14,2018-03,60,Mozambique
15,2018-04,60,Mozambique
16,2018-05,192,Mozambique
17,2018-06,684,Mozambique
18,2018-07,216,Mozambique
19,2018-08,108,Mozambique
20,2018-09,228,Mozambique
21,2018-10,144,Mozambique
22,2018-11,288,Mozambique
23,2018-12,444,Mozambique
24,2019-01,324,Mozambique
25,2019-02,360,Mozambique
26,2019-03,264,Mozambique
27,2019-04,84,Mozambique
28,2019-05,600,Mozambique
29,2019-06,696,Mozambique
30,2019-07,612,Mozambique
31,2019-08,1080,Mozambique
32,2019-09,924,Mozambique
33,2019-10,1476,Mozambique
34,2019-11,1308,Mozambique
35,2019-12,564,Mozambique
36,2020-01,684,Mozambique
37,2020-02,684,Mozambique
38,2020-03,804,Mozambique
39,2020-04,2040,Mozambique
40,2020-05,1944,Mozambique
41,2020-06,3504,Mozambique
42,2020-07,2904,Mozambique
43,2020-08,2556,Mozambique
44,2020-09,1344,Mozambique
45,2020-10,1728,Mozambique
46,2020-11,2064,Mozambique
47,2020-12,1116,Mozambique
48,2021-01,732,Mozambique
49,2021-02,360,Mozambique
50,2021-03,7728,Mozambique
51,2021-04,2652,Mozambique
52,2021-05,720,Mozambique
53,2021-06,2484,Mozambique
54,2021-07,2076,Mozambique
55,2021-08,900,Mozambique
56,2021-09,1272,Mozambique
57,2021-10,864,Mozambique
58,2021-11,1368,Mozambique
59,2021-12,792,Mozambique
60,2022-01,924,Mozambique
61,2022-02,936,Mozambique
62,2022-03,1212,Mozambique
63,2022-04,432,Mozambique
64,2022-05,888,Mozambique
65,2022-06,1260,Mozambique
66,2022-07,588,Mozambique
67,2022-08,708,Mozambique
68,2022-09,1320,Mozambique
69,2022-10,936,Mozambique
70,2022-11,1092,Mozambique
71,2022-12,768,Mozambique
72,2023-01,1008,Mozambique
73,2023-02,264,Mozambique
74,2023-03,108,Mozambique
75,2023-04,132,Mozambique
76,2023-05,288,Mozambique
77,2023-06,240,Mozambique
78,2023-07,324,Mozambique
79,2023-08,276,Mozambique
80,2023-09,288,Mozambique
81,2023-10,192,Mozambique
82,2023-11,168,Mozambique
83,2023-12,360,Mozambique
0,2017-01,0,Namibia
1,2017-02,0,Namibia
2,2017-03,12,Namibia
3,2017-04,0,Namibia
4,2017-05,0,Namibia
5,2017-06,12,Namibia
6,2017-08,0,Namibia
7,2017-09,0,Namibia
8,2017-10,0,Namibia
9,2017-11,0,Namibia
10,2017-12,0,Namibia
11,2018-02,0,Namibia
12,2018-03,0,Namibia
13,2018-04,0,Namibia
14,2018-05,0,Namibia
15,2018-06,12,Namibia
16,2018-07,0,Namibia
17,2018-08,0,Namibia
18,2018-09,0,Namibia
19,2018-10,0,Namibia
20,2018-11,0,Namibia
21,2019-01,0,Namibia
22,2019-03,0,Namibia
23,2019-04,0,Namibia
24,2019-05,0,Namibia
25,2019-06,12,Namibia
26,2019-08,0,Namibia
27,2019-09,12,Namibia
28,2019-10,0,Namibia
29,2019-11,24,Namibia
30,2019-12,0,Namibia
31,2020-01,0,Namibia
32,2020-02,0,Namibia
33,2020-03,0,Namibia
34,2020-04,0,Namibia
35,2020-05,0,Namibia
36,2020-06,0,Namibia
37,2020-07,0,Namibia
38,2020-08,0,Namibia
39,2020-09,0,Namibia
40,2020-10,0,Namibia
41,2020-11,0,Namibia
42,2020-12,0,Namibia
43,2021-01,0,Namibia
44,2021-02,12,Namibia
45,2021-03,0,Namibia
46,2021-04,0,Namibia
47,2021-05,0,Namibia
48,2021-06,0,Namibia
49,2021-07,0,Namibia
50,2021-08,0,Namibia
51,2021-09,0,Namibia
52,2021-10,0,Namibia
53,2021-11,12,Namibia
54,2021-12,0,Namibia
55,2022-01,0,Namibia
56,2022-02,0,Namibia
57,2022-03,24,Namibia
58,2022-04,0,Namibia
59,2022-05,0,Namibia
60,2022-06,12,Namibia
61,2022-07,0,Namibia
62,2022-08,0,Namibia
63,2022-09,0,Namibia
64,2022-10,0,Namibia
65,2022-11,0,Namibia
66,2022-12,0,Namibia
67,2023-01,12,Namibia
68,2023-02,0,Namibia
69,2023-03,24,Namibia
70,2023-04,0,Namibia
71,2023-05,0,Namibia
72,2023-06,0,Namibia
73,2023-07,0,Namibia
74,2023-08,0,Namibia
75,2023-09,0,Namibia
76,2023-10,0,Namibia
77,2023-11,0,Namibia
78,2023-12,0,Namibia
0,2017-01,948,Pakistan
1,2017-02,5256,Pakistan
2,2017-03,1956,Pakistan
3,2017-04,1464,Pakistan
4,2017-05,1572,Pakistan
5,2017-06,1932,Pakistan
6,2017-07,1896,Pakistan
7,2017-08,1584,Pakistan
8,2017-09,912,Pakistan
9,2017-10,1248,Pakistan
10,2017-11,912,Pakistan
11,2017-12,972,Pakistan
12,2018-01,1080,Pakistan
13,2018-02,660,Pakistan
14,2018-03,720,Pakistan
15,2018-04,684,Pakistan
16,2018-05,924,Pakistan
17,2018-06,1212,Pakistan
18,2018-07,3624,Pakistan
19,2018-08,1152,Pakistan
20,2018-09,1164,Pakistan
21,2018-10,1272,Pakistan
22,2018-11,1224,Pakistan
23,2018-12,996,Pakistan
24,2019-01,1176,Pakistan
25,2019-02,696,Pakistan
26,2019-03,1164,Pakistan
27,2019-04,1332,Pakistan
28,2019-05,2196,Pakistan
29,2019-06,1308,Pakistan
30,2019-07,1236,Pakistan
31,2019-08,1056,Pakistan
32,2019-09,996,Pakistan
33,2019-10,876,Pakistan
34,2019-11,840,Pakistan
35,2019-12,1008,Pakistan
36,2020-01,624,Pakistan
37,2020-02,864,Pakistan
38,2020-03,384,Pakistan
39,2020-04,1428,Pakistan
40,2020-05,648,Pakistan
41,2020-06,912,Pakistan
42,2020-07,1344,Pakistan
43,2020-08,516,Pakistan
44,2020-09,768,Pakistan
45,2020-10,840,Pakistan
46,2020-11,816,Pakistan
47,2020-12,912,Pakistan
48,2021-01,1056,Pakistan
49,2021-02,1380,Pakistan
50,2021-03,1332,Pakistan
51,2021-04,1260,Pakistan
52,2021-05,1728,Pakistan
53,2021-06,1584,Pakistan
54,2021-07,1296,Pakistan
55,2021-08,1956,Pakistan
56,2021-09,1776,Pakistan
57,2021-10,1464,Pakistan
58,2021-11,960,Pakistan
59,2021-12,1140,Pakistan
60,2022-01,1452,Pakistan
61,2022-02,2016,Pakistan
62,2022-03,2628,Pakistan
63,2022-04,1884,Pakistan
64,2022-05,996,Pakistan
65,2022-06,1788,Pakistan
66,2022-07,1980,Pakistan
67,2022-08,1068,Pakistan
68,2022-09,1608,Pakistan
69,2022-10,2304,Pakistan
70,2022-11,1620,Pakistan
71,2022-12,1992,Pakistan
72,2023-01,2460,Pakistan
73,2023-02,1968,Pakistan
74,2023-03,1668,Pakistan
75,2023-04,2124,Pakistan
76,2023-05,2904,Pakistan
77,2023-06,1620,Pakistan
78,2023-07,2628,Pakistan
79,2023-08,2496,Pakistan
80,2023-09,2940,Pakistan
81,2023-10,2664,Pakistan
82,2023-11,2304,Pakistan
83,2023-12,2220,Pakistan
0,2017-01,6192,Somalia
1,2017-02,3660,Somalia
2,2017-03,4380,Somalia
3,2017-04,6876,Somalia
4,2017-05,4716,Somalia
5,2017-06,6336,Somalia
6,2017-07,5664,Somalia
7,2017-08,5040,Somalia
8,2017-09,5736,Somalia
9,2017-10,11952,Somalia
10,2017-11,7848,Somalia
11,2017-12,5064,Somalia
12,2018-01,4632,Somalia
13,2018-02,4344,Somalia
14,2018-03,7104,Somalia
15,2018-04,4968,Somalia
16,2018-05,5736,Somalia
17,2018-06,7824,Somalia
18,2018-07,5472,Somalia
19,2018-08,4728,Somalia
20,2018-09,7020,Somalia
21,2018-10,5940,Somalia
22,2018-11,3828,Somalia
23,2018-12,6840,Somalia
24,2019-01,7524,Somalia
25,2019-02,5892,Somalia
26,2019-03,5376,Somalia
27,2019-04,2016,Somalia
28,2019-05,4584,Somalia
29,2019-06,4692,Somalia
30,2019-07,5964,Somalia
31,2019-08,4128,Somalia
32,2019-09,4500,Somalia
33,2019-10,3792,Somalia
34,2019-11,4176,Somalia
35,2019-12,5424,Somalia
36,2020-01,3072,Somalia
37,2020-02,3768,Somalia
38,2020-03,3000,Somalia
39,2020-04,3600,Somalia
40,2020-05,3924,Somalia
41,2020-06,2796,Somalia
42,2020-07,3036,Somalia
43,2020-08,4500,Somalia
44,2020-09,3036,Somalia
45,2020-10,2820,Somalia
46,2020-11,3048,Somalia
47,2020-12,3480,Somalia
48,2021-01,3888,Somalia
49,2021-02,3540,Somalia
50,2021-03,3300,Somalia
51,2021-04,3108,Somalia
52,2021-05,2760,Somalia
53,2021-06,6180,Somalia
54,2021-07,4392,Somalia
55,2021-08,4632,Somalia
56,2021-09,1752,Somalia
57,2021-10,2712,Somalia
58,2021-11,2136,Somalia
59,2021-12,2844,Somalia
60,2022-01,4080,Somalia
61,2022-02,4080,Somalia
62,2022-03,5808,Somalia
63,2022-04,2136,Somalia
64,2022-05,3060,Somalia
65,2022-06,3744,Somalia
66,2022-07,5208,Somalia
67,2022-08,5892,Somalia
68,2022-09,11436,Somalia
69,2022-10,12456,Somalia
70,2022-11,11520,Somalia
71,2022-12,8832,Somalia
72,2023-01,10404,Somalia
73,2023-02,13272,Somalia
74,2023-03,6372,Somalia
75,2023-04,4368,Somalia
76,2023-05,8436,Somalia
77,2023-06,5220,Somalia
78,2023-07,8916,Somalia
79,2023-08,12096,Somalia
80,2023-09,16836,Somalia
81,2023-10,5340,Somalia
82,2023-11,2076,Somalia
83,2023-12,7056,Somalia
0,2017-01,156,South_Africa
1,2017-02,84,South_Africa
2,2017-03,240,South_Africa
3,2017-04,96,South_Africa
4,2017-05,72,South_Africa
5,2017-06,48,South_Africa
6,2017-07,204,South_Africa
7,2017-08,108,South_Africa
8,2017-09,168,South_Africa
9,2017-10,96,South_Africa
10,2017-11,108,South_Africa
11,2017-12,24,South_Africa
12,2018-01,96,South_Africa
13,2018-02,36,South_Africa
14,2018-03,72,South_Africa
15,2018-04,168,South_Africa
16,2018-05,108,South_Africa
17,2018-06,132,South_Africa
18,2018-07,216,South_Africa
19,2018-08,192,South_Africa
20,2018-09,60,South_Africa
21,2018-10,84,South_Africa
22,2018-11,24,South_Africa
23,2018-12,168,South_Africa
24,2019-01,252,South_Africa
25,2019-02,204,South_Africa
26,2019-03,108,South_Africa
27,2019-04,132,South_Africa
28,2019-05,228,South_Africa
29,2019-06,108,South_Africa
30,2019-07,252,South_Africa
31,2019-08,276,South_Africa
32,2019-09,216,South_Africa
33,2019-10,192,South_Africa
34,2019-11,144,South_Africa
35,2019-12,252,South_Africa
36,2020-01,168,South_Africa
37,2020-02,180,South_Africa
38,2020-03,132,South_Africa
39,2020-04,216,South_Africa
40,2020-05,144,South_Africa
41,2020-06,132,South_Africa
42,2020-07,240,South_Africa
43,2020-08,288,South_Africa
44,2020-09,228,South_Africa
45,2020-10,156,South_Africa
46,2020-11,132,South_Africa
47,2020-12,132,South_Africa
48,2021-01,156,South_Africa
49,2021-02,324,South_Africa
50,2021-03,240,South_Africa
51,2021-04,384,South_Africa
52,2021-05,372,South_Africa
53,2021-06,132,South_Africa
54,2021-07,900,South_Africa
55,2021-08,228,South_Africa
56,2021-09,348,South_Africa
57,2021-10,288,South_Africa
58,2021-11,372,South_Africa
59,2021-12,192,South_Africa
60,2022-01,288,South_Africa
61,2022-02,420,South_Africa
62,2022-03,168,South_Africa
63,2022-04,348,South_Africa
64,2022-05,180,South_Africa
65,2022-06,408,South_Africa
66,2022-07,336,South_Africa
67,2022-08,336,South_Africa
68,2022-09,348,South_Africa
69,2022-10,228,South_Africa
70,2022-11,192,South_Africa
71,2022-12,144,South_Africa
72,2023-01,300,South_Africa
73,2023-02,348,South_Africa
74,2023-03,156,South_Africa
75,2023-04,300,South_Africa
76,2023-05,240,South_Africa
77,2023-06,324,South_Africa
78,2023-07,300,South_Africa
79,2023-08,444,South_Africa
80,2023-09,228,South_Africa
81,2023-10,312,South_Africa
82,2023-11,336,South_Africa
83,2023-12,396,South_Africa
0,2017-01,4944,South_Sudan
1,2017-02,5064,South_Sudan
2,2017-03,4860,South_Sudan
3,2017-04,8076,South_Sudan
4,2017-05,7380,South_Sudan
5,2017-06,2304,South_Sudan
6,2017-07,4836,South_Sudan
7,2017-08,2772,South_Sudan
8,2017-09,3468,South_Sudan
9,2017-10,3804,South_Sudan
10,2017-11,5616,South_Sudan
11,2017-12,5208,South_Sudan
12,2018-01,1212,South_Sudan
13,2018-02,2808,South_Sudan
14,2018-03,1512,South_Sudan
15,2018-04,2004,South_Sudan
16,2018-05,2196,South_Sudan
17,2018-06,2580,South_Sudan
18,2018-07,2412,South_Sudan
19,2018-08,792,South_Sudan
20,2018-09,1140,South_Sudan
21,2018-10,1608,South_Sudan
22,2018-11,732,South_Sudan
23,2018-12,1596,South_Sudan
24,2019-01,7872,South_Sudan
25,2019-02,1212,South_Sudan
26,2019-03,2088,South_Sudan
27,2019-04,1524,South_Sudan
28,2019-05,1308,South_Sudan
29,2019-06,900,South_Sudan
30,2019-07,1008,South_Sudan
31,2019-08,2040,South_Sudan
32,2019-09,1032,South_Sudan
33,2019-10,456,South_Sudan
34,2019-11,1392,South_Sudan
35,2019-12,780,South_Sudan
36,2020-01,1404,South_Sudan
37,2020-02,1236,South_Sudan
38,2020-03,2676,South_Sudan
39,2020-04,2064,South_Sudan
40,2020-05,5628,South_Sudan
41,2020-06,5148,South_Sudan
42,2020-07,3024,South_Sudan
43,2020-08,2748,South_Sudan
44,2020-09,900,South_Sudan
45,2020-10,612,South_Sudan
46,2020-11,1284,South_Sudan
47,2020-12,1692,South_Sudan
48,2021-01,1440,South_Sudan
49,2021-02,1848,South_Sudan
50,2021-03,2040,South_Sudan
51,2021-04,1644,South_Sudan
52,2021-05,5232,South_Sudan
53,2021-06,1740,South_Sudan
54,2021-07,2808,South_Sudan
55,2021-08,2544,South_Sudan
56,2021-09,1752,South_Sudan
57,2021-10,1200,South_Sudan
58,2021-11,1392,South_Sudan
59,2021-12,2304,South_Sudan
60,2022-01,1500,South_Sudan
61,2022-02,2328,South_Sudan
62,2022-03,2208,South_Sudan
63,2022-04,3612,South_Sudan
64,2022-05,1740,South_Sudan
65,2022-06,4680,South_Sudan
66,2022-07,2844,South_Sudan
67,2022-08,1296,South_Sudan
68,2022-09,636,South_Sudan
69,2022-10,1236,South_Sudan
70,2022-11,3480,South_Sudan
71,2022-12,3792,South_Sudan
72,2023-01,3636,South_Sudan
73,2023-02,3060,South_Sudan
74,2023-03,1116,South_Sudan
75,2023-04,2040,South_Sudan
76,2023-05,564,South_Sudan
77,2023-06,1128,South_Sudan
78,2023-07,876,South_Sudan
79,2023-08,516,South_Sudan
80,2023-09,600,South_Sudan
81,2023-10,660,South_Sudan
82,2023-11,960,South_Sudan
83,2023-12,288,South_Sudan
0,2017-01,612,Sudan
1,2017-02,1296,Sudan
2,2017-03,840,Sudan
3,2017-04,2064,Sudan
4,2017-05,4740,Sudan
5,2017-06,1488,Sudan
6,2017-07,1164,Sudan
7,2017-08,600,Sudan
8,2017-09,708,Sudan
9,2017-10,996,Sudan
10,2017-11,744,Sudan
11,2017-12,396,Sudan
12,2018-01,264,Sudan
13,2018-02,1044,Sudan
14,2018-03,1116,Sudan
15,2018-04,1248,Sudan
16,2018-05,1164,Sudan
17,2018-06,2832,Sudan
18,2018-07,1332,Sudan
19,2018-08,288,Sudan
20,2018-09,648,Sudan
21,2018-10,1056,Sudan
22,2018-11,792,Sudan
23,2018-12,864,Sudan
24,2019-01,816,Sudan
25,2019-02,432,Sudan
26,2019-03,696,Sudan
27,2019-04,828,Sudan
28,2019-05,408,Sudan
29,2019-06,2280,Sudan
30,2019-07,708,Sudan
31,2019-08,672,Sudan
32,2019-09,324,Sudan
33,2019-10,300,Sudan
34,2019-11,576,Sudan
35,2019-12,1272,Sudan
36,2020-01,1068,Sudan
37,2020-02,144,Sudan
38,2020-03,528,Sudan
39,2020-04,720,Sudan
40,2020-05,1704,Sudan
41,2020-06,1620,Sudan
42,2020-07,2820,Sudan
43,2020-08,1044,Sudan
44,2020-09,276,Sudan
45,2020-10,672,Sudan
46,2020-11,180,Sudan
47,2020-12,732,Sudan
48,2021-01,3516,Sudan
49,2021-02,1320,Sudan
50,2021-03,768,Sudan
51,2021-04,2460,Sudan
52,2021-05,1224,Sudan
53,2021-06,1668,Sudan
54,2021-07,2088,Sudan
55,2021-08,792,Sudan
56,2021-09,540,Sudan
57,2021-10,972,Sudan
58,2021-11,2244,Sudan
59,2021-12,2220,Sudan
60,2022-01,804,Sudan
61,2022-02,780,Sudan
62,2022-03,1992,Sudan
63,2022-04,3852,Sudan
64,2022-05,1092,Sudan
65,2022-06,3276,Sudan
66,2022-07,2664,Sudan
67,2022-08,1104,Sudan
68,2022-09,852,Sudan
69,2022-10,5220,Sudan
70,2022-11,1836,Sudan
71,2022-12,1308,Sudan
72,2023-01,768,Sudan
73,2023-02,552,Sudan
74,2023-03,732,Sudan
75,2023-04,10500,Sudan
76,2023-05,14988,Sudan
77,2023-06,17712,Sudan
78,2023-07,19344,Sudan
79,2023-08,30156,Sudan
80,2023-09,20496,Sudan
81,2023-10,16632,Sudan
82,2023-11,19860,Sudan
83,2023-12,7668,Sudan
0,2017-01,60,Tanzania
1,2017-02,0,Tanzania
2,2017-03,0,Tanzania
3,2017-04,108,Tanzania
4,2017-05,24,Tanzania
5,2017-06,2556,Tanzania
6,2017-07,132,Tanzania
7,2017-08,192,Tanzania
8,2017-09,36,Tanzania
9,2017-10,12,Tanzania
10,2017-11,72,Tanzania
11,2017-12,0,Tanzania
12,2018-01,0,Tanzania
13,2018-02,72,Tanzania
14,2018-03,12,Tanzania
15,2018-04,0,Tanzania
16,2018-05,60,Tanzania
17,2018-06,60,Tanzania
18,2018-07,12,Tanzania
19,2018-08,0,Tanzania
20,2018-09,0,Tanzania
21,2018-10,72,Tanzania
22,2018-11,156,Tanzania
23,2018-12,0,Tanzania
24,2019-01,144,Tanzania
25,2019-02,72,Tanzania
26,2019-03,48,Tanzania
27,2019-04,12,Tanzania
28,2019-05,0,Tanzania
29,2019-06,48,Tanzania
30,2019-07,0,Tanzania
31,2019-08,0,Tanzania
32,2019-09,12,Tanzania
33,2019-10,0,Tanzania
34,2019-11,84,Tanzania
35,2019-12,24,Tanzania
36,2020-01,60,Tanzania
37,2020-02,0,Tanzania
38,2020-03,0,Tanzania
39,2020-04,0,Tanzania
40,2020-05,0,Tanzania
41,2020-06,0,Tanzania
42,2020-07,0,Tanzania
43,2020-08,24,Tanzania
44,2020-09,0,Tanzania
45,2020-10,420,Tanzania
46,2020-11,96,Tanzania
47,2020-12,0,Tanzania
48,2021-01,0,Tanzania
49,2021-02,24,Tanzania
50,2021-03,12,Tanzania
51,2021-04,72,Tanzania
52,2021-05,24,Tanzania
53,2021-06,0,Tanzania
54,2021-07,24,Tanzania
55,2021-08,12,Tanzania
56,2021-09,12,Tanzania
57,2021-10,120,Tanzania
58,2021-11,72,Tanzania
59,2021-12,132,Tanzania
60,2022-01,144,Tanzania
61,2022-02,48,Tanzania
62,2022-03,12,Tanzania
63,2022-04,12,Tanzania
64,2022-05,36,Tanzania
65,2022-06,72,Tanzania
66,2022-07,36,Tanzania
67,2022-08,0,Tanzania
68,2022-09,84,Tanzania
69,2022-10,24,Tanzania
70,2022-11,0,Tanzania
71,2022-12,0,Tanzania
72,2023-01,36,Tanzania
73,2023-02,48,Tanzania
74,2023-03,12,Tanzania
75,2023-04,0,Tanzania
76,2023-05,12,Tanzania
77,2023-06,0,Tanzania
78,2023-07,12,Tanzania
79,2023-08,36,Tanzania
80,2023-09,24,Tanzania
81,2023-10,24,Tanzania
82,2023-11,36,Tanzania
83,2023-12,0,Tanzania
0,2020-02,0,Timor_Leste
1,2020-03,0,Timor_Leste
2,2020-05,0,Timor_Leste
3,2020-06,0,Timor_Leste
4,2020-08,0,Timor_Leste
5,2020-09,0,Timor_Leste
6,2020-12,0,Timor_Leste
7,2021-01,0,Timor_Leste
8,2021-03,0,Timor_Leste
9,2021-04,0,Timor_Leste
10,2021-05,0,Timor_Leste
11,2021-06,24,Timor_Leste
12,2021-11,0,Timor_Leste
13,2022-01,24,Timor_Leste
14,2022-03,0,Timor_Leste
15,2022-06,0,Timor_Leste
16,2022-07,0,Timor_Leste
17,2022-11,0,Timor_Leste
18,2023-02,0,Timor_Leste
19,2023-03,0,Timor_Leste
20,2023-04,0,Timor_Leste
21,2023-05,0,Timor_Leste
22,2023-06,0,Timor_Leste
23,2023-07,0,Timor_Leste
24,2023-12,0,Timor_Leste
0,2017-01,12,Uganda
1,2017-02,24,Uganda
2,2017-03,36,Uganda
3,2017-04,216,Uganda
4,2017-05,12,Uganda
5,2017-06,180,Uganda
6,2017-07,48,Uganda
7,2017-08,48,Uganda
8,2017-09,60,Uganda
9,2017-10,36,Uganda
10,2017-11,96,Uganda
11,2017-12,24,Uganda
12,2018-01,108,Uganda
13,2018-02,84,Uganda
14,2018-03,84,Uganda
15,2018-04,132,Uganda
16,2018-05,60,Uganda
17,2018-06,156,Uganda
18,2018-07,156,Uganda
19,2018-08,132,Uganda
20,2018-09,96,Uganda
21,2018-10,96,Uganda
22,2018-11,384,Uganda
23,2018-12,264,Uganda
24,2019-01,156,Uganda
25,2019-02,96,Uganda
26,2019-03,336,Uganda
27,2019-04,144,Uganda
28,2019-05,240,Uganda
29,2019-06,144,Uganda
30,2019-07,168,Uganda
31,2019-08,108,Uganda
32,2019-09,108,Uganda
33,2019-10,132,Uganda
34,2019-11,48,Uganda
35,2019-12,276,Uganda
36,2020-01,132,Uganda
37,2020-02,108,Uganda
38,2020-03,552,Uganda
39,2020-04,324,Uganda
40,2020-05,324,Uganda
41,2020-06,312,Uganda
42,2020-07,192,Uganda
43,2020-08,96,Uganda
44,2020-09,240,Uganda
45,2020-10,108,Uganda
46,2020-11,768,Uganda
47,2020-12,300,Uganda
48,2021-01,252,Uganda
49,2021-02,756,Uganda
50,2021-03,312,Uganda
51,2021-04,168,Uganda
52,2021-05,600,Uganda
53,2021-06,456,Uganda
54,2021-07,852,Uganda
55,2021-08,468,Uganda
56,2021-09,504,Uganda
57,2021-10,564,Uganda
58,2021-11,684,Uganda
59,2021-12,468,Uganda
60,2022-01,312,Uganda
61,2022-02,264,Uganda
62,2022-03,804,Uganda
63,2022-04,276,Uganda
64,2022-05,300,Uganda
65,2022-06,264,Uganda
66,2022-07,300,Uganda
67,2022-08,72,Uganda
68,2022-09,288,Uganda
69,2022-10,420,Uganda
70,2022-11,288,Uganda
71,2022-12,768,Uganda
72,2023-01,516,Uganda
73,2023-02,312,Uganda
74,2023-03,144,Uganda
75,2023-04,204,Uganda
76,2023-05,360,Uganda
77,2023-06,924,Uganda
78,2023-07,492,Uganda
79,2023-08,228,Uganda
80,2023-09,204,Uganda
81,2023-10,300,Uganda
82,2023-11,264,Uganda
83,2023-12,456,Uganda
0,2017-01,24072,Yemen
1,2017-02,12720,Yemen
2,2017-03,15024,Yemen
3,2017-04,13860,Yemen
4,2017-05,14328,Yemen
5,2017-06,13488,Yemen
6,2017-07,16800,Yemen
7,2017-08,18312,Yemen
8,2017-09,16056,Yemen
9,2017-10,18936,Yemen
10,2017-11,17916,Yemen
11,2017-12,30288,Yemen
12,2018-01,28716,Yemen
13,2018-02,28644,Yemen
14,2018-03,34596,Yemen
15,2018-04,28548,Yemen
16,2018-05,28392,Yemen
17,2018-06,39000,Yemen
18,2018-07,32988,Yemen
19,2018-08,35640,Yemen
20,2018-09,39384,Yemen
21,2018-10,38340,Yemen
22,2018-11,43128,Yemen
23,2018-12,33924,Yemen
24,2019-01,34260,Yemen
25,2019-02,28392,Yemen
26,2019-03,35412,Yemen
27,2019-04,37104,Yemen
28,2019-05,34068,Yemen
29,2019-06,37752,Yemen
30,2019-07,34284,Yemen
31,2019-08,33180,Yemen
32,2019-09,22476,Yemen
33,2019-10,15948,Yemen
34,2019-11,10992,Yemen
35,2019-12,12264,Yemen
36,2020-01,19104,Yemen
37,2020-02,18984,Yemen
38,2020-03,19788,Yemen
39,2020-04,25440,Yemen
40,2020-05,20988,Yemen
41,2020-06,20016,Yemen
42,2020-07,17232,Yemen
43,2020-08,21840,Yemen
44,2020-09,21600,Yemen
45,2020-10,18288,Yemen
46,2020-11,20016,Yemen
47,2020-12,13608,Yemen
48,2021-01,11616,Yemen
49,2021-02,20892,Yemen
50,2021-03,30984,Yemen
51,2021-04,21024,Yemen
52,2021-05,15996,Yemen
53,2021-06,14304,Yemen
54,2021-07,15720,Yemen
55,2021-08,13368,Yemen
56,2021-09,13056,Yemen
57,2021-10,17652,Yemen
58,2021-11,26004,Yemen
59,2021-12,20268,Yemen
60,2022-01,21636,Yemen
61,2022-02,17568,Yemen
62,2022-03,14004,Yemen
63,2022-04,2808,Yemen
64,2022-05,2280,Yemen
65,2022-06,2256,Yemen
66,2022-07,2352,Yemen
67,2022-08,3336,Yemen
68,2022-09,2796,Yemen
69,2022-10,3444,Yemen
70,2022-11,7956,Yemen
71,2022-12,5520,Yemen
72,2023-01,4344,Yemen
73,2023-02,5004,Yemen
74,2023-03,5988,Yemen
75,2023-04,2460,Yemen
76,2023-05,3204,Yemen
77,2023-06,2352,Yemen
78,2023-07,3756,Yemen
79,2023-08,3636,Yemen
80,2023-09,2484,Yemen
81,2023-10,1920,Yemen
82,2023-11,1956,Yemen
83,2023-12,1716,Yemen
0,2017-01,0,Zambia
1,2017-03,0,Zambia
2,2017-04,0,Zambia
3,2017-05,0,Zambia
4,2017-06,0,Zambia
5,2017-07,12,Zambia
6,2017-08,0,Zambia
7,2017-09,0,Zambia
8,2017-10,0,Zambia
9,2017-11,0,Zambia
10,2017-12,12,Zambia
11,2018-01,12,Zambia
12,2018-02,0,Zambia
13,2018-03,12,Zambia
14,2018-04,0,Zambia
15,2018-05,36,Zambia
16,2018-06,0,Zambia
17,2018-07,12,Zambia
18,2018-08,36,Zambia
19,2018-09,24,Zambia
20,2018-10,36,Zambia
21,2018-11,12,Zambia
22,2018-12,24,Zambia
23,2019-01,24,Zambia
24,2019-02,24,Zambia
25,2019-03,24,Zambia
26,2019-04,0,Zambia
27,2019-05,0,Zambia
28,2019-06,0,Zambia
29,2019-07,0,Zambia
30,2019-08,12,Zambia
31,2019-09,0,Zambia
32,2019-10,12,Zambia
33,2019-11,12,Zambia
34,2019-12,24,Zambia
35,2020-01,24,Zambia
36,2020-02,276,Zambia
37,2020-03,0,Zambia
38,2020-04,0,Zambia
39,2020-05,12,Zambia
40,2020-07,12,Zambia
41,2020-08,12,Zambia
42,2020-09,60,Zambia
43,2020-10,36,Zambia
44,2020-11,12,Zambia
45,2020-12,36,Zambia
46,2021-01,12,Zambia
47,2021-02,24,Zambia
48,2021-03,0,Zambia
49,2021-04,0,Zambia
50,2021-05,12,Zambia
51,2021-06,24,Zambia
52,2021-07,48,Zambia
53,2021-08,24,Zambia
54,2021-09,12,Zambia
55,2021-10,0,Zambia
56,2021-11,24,Zambia
57,2021-12,12,Zambia
58,2022-01,0,Zambia
59,2022-02,12,Zambia
60,2022-03,12,Zambia
61,2022-04,24,Zambia
62,2022-05,0,Zambia
63,2022-06,12,Zambia
64,2022-07,0,Zambia
65,2022-08,0,Zambia
66,2022-09,36,Zambia
67,2022-10,24,Zambia
68,2022-11,12,Zambia
69,2022-12,12,Zambia
70,2023-01,60,Zambia
71,2023-02,0,Zambia
72,2023-03,12,Zambia
73,2023-04,0,Zambia
74,2023-05,0,Zambia
75,2023-06,12,Zambia
76,2023-07,12,Zambia
77,2023-08,12,Zambia
78,2023-09,36,Zambia
79,2023-10,36,Zambia
80,2023-11,0,Zambia
81,2023-12,0,Zambia
0,2017-01,0,Zimbabwe
1,2017-02,0,Zimbabwe
2,2017-03,0,Zimbabwe
3,2017-04,24,Zimbabwe
4,2017-05,0,Zimbabwe
5,2017-06,12,Zimbabwe
6,2017-07,24,Zimbabwe
7,2017-08,0,Zimbabwe
8,2017-09,0,Zimbabwe
9,2017-10,0,Zimbabwe
10,2017-11,48,Zimbabwe
11,2017-12,0,Zimbabwe
12,2018-01,12,Zimbabwe
13,2018-02,24,Zimbabwe
14,2018-03,0,Zimbabwe
15,2018-04,0,Zimbabwe
16,2018-05,0,Zimbabwe
17,2018-06,72,Zimbabwe
18,2018-07,0,Zimbabwe
19,2018-08,96,Zimbabwe
20,2018-09,48,Zimbabwe
21,2018-10,36,Zimbabwe
22,2018-11,0,Zimbabwe
23,2018-12,36,Zimbabwe
24,2019-01,264,Zimbabwe
25,2019-02,24,Zimbabwe
26,2019-03,0,Zimbabwe
27,2019-04,48,Zimbabwe
28,2019-05,0,Zimbabwe
29,2019-06,0,Zimbabwe
30,2019-07,24,Zimbabwe
31,2019-08,24,Zimbabwe
32,2019-09,0,Zimbabwe
33,2019-10,36,Zimbabwe
34,2019-11,12,Zimbabwe
35,2019-12,72,Zimbabwe
36,2020-01,12,Zimbabwe
37,2020-02,12,Zimbabwe
38,2020-03,12,Zimbabwe
39,2020-04,0,Zimbabwe
40,2020-05,0,Zimbabwe
41,2020-06,0,Zimbabwe
42,2020-07,36,Zimbabwe
43,2020-08,12,Zimbabwe
44,2020-09,120,Zimbabwe
45,2020-10,12,Zimbabwe
46,2020-11,24,Zimbabwe
47,2020-12,12,Zimbabwe
48,2021-01,12,Zimbabwe
49,2021-02,24,Zimbabwe
50,2021-03,12,Zimbabwe
51,2021-04,0,Zimbabwe
52,2021-05,36,Zimbabwe
53,2021-06,0,Zimbabwe
54,2021-07,0,Zimbabwe
55,2021-08,12,Zimbabwe
56,2021-09,36,Zimbabwe
57,2021-10,48,Zimbabwe
58,2021-11,36,Zimbabwe
59,2021-12,72,Zimbabwe
60,2022-01,24,Zimbabwe
61,2022-02,24,Zimbabwe
62,2022-03,36,Zimbabwe
63,2022-04,48,Zimbabwe
64,2022-05,0,Zimbabwe
65,2022-06,36,Zimbabwe
66,2022-07,48,Zimbabwe
67,2022-08,48,Zimbabwe
68,2022-09,12,Zimbabwe
69,2022-10,84,Zimbabwe
70,2022-11,24,Zimbabwe
71,2022-12,12,Zimbabwe
72,2023-01,48,Zimbabwe
73,2023-02,24,Zimbabwe
74,2023-03,36,Zimbabwe
75,2023-04,48,Zimbabwe
76,2023-05,60,Zimbabwe
77,2023-06,36,Zimbabwe
78,2023-07,96,Zimbabwe
79,2023-08,12,Zimbabwe
80,2023-09,24,Zimbabwe
81,2023-10,36,Zimbabwe
82,2023-11,12,Zimbabwe
83,2023-12,48,Zimbabwe
